,count,mean,std,min,25%,50%,75%,max
user_feature_len,1000.0,38.662,5.873862294798735,13.0,35.0,39.0,43.0,54.0
item_feature_len,1000.0,11.86,1.0961758990242405,11.0,11.0,12.0,12.0,15.0
label_len,1000.0,1.0,0.0,1.0,1.0,1.0,1.0,1.0
seq_action_seq_len,1000.0,9.98,0.44698970882985634,0.0,10.0,10.0,10.0,10.0
seq_content_seq_len,1000.0,9.0,0.0,9.0,9.0,9.0,9.0,9.0
seq_item_seq_len,1000.0,12.0,0.0,12.0,12.0,12.0,12.0,12.0
